<?xml version="1.0" encoding="UTF-8" ?>
<!DOCTYPE log4j:configuration SYSTEM "log4j.dtd">
<log4j:configuration>
	
	<appender name="FILE" class="org.apache.log4j.RollingFileAppender">
		<param name="File" value="${catalina.home}/logs/squin.log"/>
		<layout class="org.apache.log4j.PatternLayout">
			<param name="ConversionPattern"
			       value="[%d{ISO8601}] %-5p %c [%L] %m %n" />
		</layout>
		<filter class="org.apache.log4j.varia.LevelRangeFilter">
			<param name="LevelMin" value="DEBUG"/>
			<param name="LevelMax" value="FATAL"/>
		</filter>
	</appender>

	<logger name="org.squin.servlet" additivity="false">
		<level value="ALL"/>
		<appender-ref ref="FILE"/>
	</logger>

	<logger name="org.squin.cache" additivity="false">
		<level value="ALL"/>
		<appender-ref ref="FILE"/>
	</logger>

	<logger name="de.fuberlin.wiwiss.ng4j.semwebclient" additivity="false">
		<level value="ERROR"/>
		<appender-ref ref="FILE"/>
	</logger>

	<root>
		<level value="ERROR"/>
		<appender-ref ref="FILE"/>
	</root>

</log4j:configuration>
